Dataset,Model,Tuner,Mean_F1,Std_F1,Mean_AUC,Mean_Prec,Mean_Rec,Mean_Acc,Mean_RT,F1_per_sec,F1_Gain_vs_NT
Lung Cancer,XGBoost,No-Tuning,0.9011,0.0268,0.9306,0.9093,0.9,0.9,0.14,6.271574,0.0
Lung Cancer,XGBoost,Grid,0.8979,0.0271,0.9233,0.9045,0.8964,0.8964,16.07,0.055873,-0.0032
Lung Cancer,XGBoost,Random,0.895,0.0258,0.9323,0.9028,0.8946,0.8946,8.23,0.108779,-0.0061
Lung Cancer,XGBoost,Bayes,0.8923,0.0362,0.9423,0.8977,0.8929,0.8929,29.49,0.030261,-0.0089
Lung Cancer,RandomForest,No-Tuning,0.9259,0.0304,0.9452,0.9306,0.925,0.925,0.27,3.456936,0.0
Lung Cancer,RandomForest,Grid,0.9242,0.0263,0.946,0.9278,0.925,0.925,42.45,0.021768,-0.0017
Lung Cancer,RandomForest,Random,0.9221,0.0239,0.9419,0.9262,0.9232,0.9232,37.89,0.024334,-0.0038
Lung Cancer,RandomForest,Bayes,0.908,0.0371,0.9311,0.9122,0.9071,0.9071,59.86,0.015168,-0.0179
Lung Cancer,SVM,No-Tuning,0.9127,0.0295,0.9483,0.9223,0.9089,0.9089,0.03,26.47917,0.0
Lung Cancer,SVM,Grid,0.9111,0.0346,0.9392,0.9231,0.9071,0.9071,2.45,0.371677,-0.0016
Lung Cancer,SVM,Random,0.905,0.0412,0.9315,0.9171,0.9,0.9,6.73,0.134484,-0.0078
Lung Cancer,SVM,Bayes,0.9045,0.0412,0.9337,0.918,0.8982,0.8982,22.18,0.040778,-0.0083
Lung Cancer,LightGBM,No-Tuning,0.9002,0.0336,0.9251,0.908,0.9,0.9,0.06,16.072271,0.0
Lung Cancer,LightGBM,Grid,0.9006,0.0296,0.9327,0.9062,0.9,0.9,11.43,0.078791,0.0004
Lung Cancer,LightGBM,Random,0.8994,0.0286,0.937,0.9053,0.8982,0.8982,6.28,0.143253,-0.0007
Lung Cancer,LightGBM,Bayes,0.8967,0.0258,0.9323,0.9039,0.8964,0.8964,28.06,0.031952,-0.0035
BreastCancer,XGBoost,No-Tuning,0.9719,0.0109,0.9907,0.9725,0.9719,0.9719,0.25,3.87279,0.0
BreastCancer,XGBoost,Grid,0.9701,0.009,0.9915,0.9705,0.9702,0.9702,44.78,0.021662,-0.0018
BreastCancer,XGBoost,Random,0.971,0.0096,0.9921,0.9716,0.9711,0.9711,22.03,0.044072,-0.0009
BreastCancer,XGBoost,Bayes,0.972,0.0076,0.9931,0.9728,0.9719,0.9719,37.52,0.025906,0.0
BreastCancer,RandomForest,No-Tuning,0.9614,0.0113,0.9894,0.9622,0.9614,0.9614,0.42,2.264175,0.0
BreastCancer,RandomForest,Grid,0.9631,0.011,0.9897,0.9635,0.9632,0.9632,54.68,0.017614,0.0017
BreastCancer,RandomForest,Random,0.9623,0.0097,0.9893,0.9629,0.9623,0.9623,50.62,0.019011,0.0008
BreastCancer,RandomForest,Bayes,0.9614,0.0132,0.9895,0.9619,0.9614,0.9614,73.15,0.013143,-0.0
BreastCancer,SVM,No-Tuning,0.9763,0.0079,0.9952,0.9767,0.9763,0.9763,0.05,20.036801,0.0
BreastCancer,SVM,Grid,0.9736,0.0097,0.9944,0.9741,0.9737,0.9737,2.82,0.345034,-0.0027
BreastCancer,SVM,Random,0.9736,0.0097,0.9932,0.9742,0.9737,0.9737,4.81,0.202402,-0.0027
BreastCancer,SVM,Bayes,0.9745,0.0108,0.9935,0.9751,0.9746,0.9746,20.22,0.048183,-0.0018
BreastCancer,LightGBM,No-Tuning,0.9675,0.0104,0.9915,0.968,0.9675,0.9675,0.29,3.383332,0.0
BreastCancer,LightGBM,Grid,0.9684,0.008,0.9926,0.9687,0.9684,0.9684,25.26,0.03833,0.0009
BreastCancer,LightGBM,Random,0.9728,0.0083,0.9928,0.9732,0.9728,0.9728,15.07,0.064567,0.0053
BreastCancer,LightGBM,Bayes,0.9718,0.0123,0.9929,0.9723,0.9719,0.9719,32.93,0.029516,0.0044
CervicalCancer,XGBoost,No-Tuning,0.9508,0.0129,0.9248,0.9533,0.9503,0.9503,0.19,4.92835,0.0
CervicalCancer,XGBoost,Grid,0.9571,0.015,0.9242,0.9652,0.9533,0.9533,27.78,0.034455,0.0064
CervicalCancer,XGBoost,Random,0.9524,0.0135,0.9291,0.9594,0.9491,0.9491,15.41,0.061816,0.0017
CervicalCancer,XGBoost,Bayes,0.9553,0.0152,0.9248,0.9631,0.9515,0.9515,33.61,0.028422,0.0045
CervicalCancer,RandomForest,No-Tuning,0.953,0.0129,0.9301,0.9551,0.9527,0.9527,0.36,2.639376,0.0
CervicalCancer,RandomForest,Grid,0.9638,0.0132,0.917,0.9682,0.9617,0.9617,49.54,0.019455,0.0108
CervicalCancer,RandomForest,Random,0.9591,0.0161,0.9216,0.9626,0.9575,0.9575,45.15,0.021241,0.006
CervicalCancer,RandomForest,Bayes,0.9609,0.0142,0.9247,0.965,0.9593,0.9593,68.85,0.013957,0.0079
CervicalCancer,SVM,No-Tuning,0.9392,0.0138,0.9249,0.9428,0.9371,0.9371,0.12,7.725218,0.0
CervicalCancer,SVM,Grid,0.9497,0.011,0.9137,0.9591,0.9449,0.9449,11.48,0.082709,0.0106
CervicalCancer,SVM,Random,0.9547,0.0124,0.9162,0.9652,0.9497,0.9497,72.77,0.013119,0.0155
CervicalCancer,SVM,Bayes,0.9534,0.0106,0.9129,0.9638,0.9485,0.9485,65.26,0.014609,0.0142
CervicalCancer,LightGBM,No-Tuning,0.9461,0.0099,0.9308,0.948,0.9455,0.9455,0.17,5.561447,0.0
CervicalCancer,LightGBM,Grid,0.9559,0.0148,0.9138,0.9646,0.9521,0.9521,19.48,0.049073,0.0098
CervicalCancer,LightGBM,Random,0.9558,0.014,0.9254,0.9637,0.9521,0.9521,11.53,0.08289,0.0097
CervicalCancer,LightGBM,Bayes,0.9556,0.0124,0.9214,0.9643,0.9515,0.9515,32.39,0.029507,0.0095
